ID	Domain	Phylum	Class	Order	Family	Genus	Species	Confidence	Length	Assigned_reads	Relative_abundance
556|KX504550.1.1489	d__Bacteria	p__Firmicutes	c__Clostridia	o__Peptostreptococcales-Tissierellales	f__Peptostreptococcales-Tissierellales	g__Anaerococcus	s__Anaerococcus_octavius	0.986584506580499	1489	2989	0.299129
1299|MH571592.1.1400	d__Bacteria	p__Proteobacteria	c__Gammaproteobacteria	o__Enterobacterales	f__Enterobacteriaceae	g__Mangrovibacter	s__bacterium	0.9958138668280943	1400	21	0.002102
928|MH571616.1.1450	d__Bacteria	p__Proteobacteria	c__Gammaproteobacteria	o__Enterobacterales	f__Enterobacteriaceae	g__Enterobacter	s__bacterium	0.8770199318020999	1450	81	0.008106
1665|KY655122.1.1370	d__Bacteria	p__Proteobacteria	c__Gammaproteobacteria	o__Enterobacterales	f__Erwiniaceae	g__Pantoea	s__bacterium_R11	0.8776647910813509	1370	1	0.000100
1748|KC431796.1.1360	d__Bacteria	p__Proteobacteria	c__Gammaproteobacteria	o__Enterobacterales	f__Erwiniaceae	g__Pantoea	s__bacterium_R11	0.7793080134090696	1360	17	0.001701
MH782079.1.1404	d__Bacteria	p__Proteobacteria	c__Gammaproteobacteria	o__Enterobacterales	f__Erwiniaceae	g__Pantoea	s__bacterium_R11	0.7150372232978891	1404	9	0.000901
896|MG788269.1.1453	d__Bacteria	p__Proteobacteria	c__Gammaproteobacteria	o__Enterobacterales	f__Enterobacterales	g__Enterobacterales	s__Cedecea_lapagei	0.9821923164393961	1453	296	0.029623
184|CP013126.2541576.2543121	d__Bacteria	p__Actinobacteriota	c__Actinobacteria	o__Propionibacteriales	f__Propionibacteriaceae	g__Cutibacterium	s__Cutibacterium_avidum	0.9952068267416322	1546	41301	4.133266
391|AFUN01000008.3273.4781	d__Bacteria	p__Actinobacteriota	c__Actinobacteria	o__Propionibacteriales	f__Propionibacteriaceae	g__Cutibacterium	s__Cutibacterium_avidum	0.8884885337562798	1509	186	0.018614
402|AUDD01000055.208.1715	d__Bacteria	p__Actinobacteriota	c__Actinobacteria	o__Propionibacteriales	f__Propionibacteriaceae	g__Cutibacterium	s__Cutibacterium_avidum	0.9435266447983688	1508	9	0.000901
636|KF030225.1.1480	d__Bacteria	p__Actinobacteriota	c__Actinobacteria	o__Propionibacteriales	f__Propionibacteriaceae	g__Cutibacterium	s__Cutibacterium_avidum	0.8561645207454576	1480	2611	0.261300
ATFL01000014.796044.797551	d__Bacteria	p__Actinobacteriota	c__Actinobacteria	o__Propionibacteriales	f__Propionibacteriaceae	g__Cutibacterium	s__Cutibacterium_avidum	0.9293889786354638	1508	87	0.008707
JF277164.1.1494	d__Bacteria	p__Actinobacteriota	c__Actinobacteria	o__Propionibacteriales	f__Propionibacteriaceae	g__Cutibacterium	s__Cutibacterium_avidum	0.8758463289488988	1494	648	0.064850
KF063018.1.1342	d__Bacteria	p__Actinobacteriota	c__Actinobacteria	o__Propionibacteriales	f__Propionibacteriaceae	g__Cutibacterium	s__Cutibacterium_avidum	0.7407551684839387	1342	51	0.005104
MG907121.1.1211	d__Bacteria	p__Proteobacteria	c__Gammaproteobacteria	o__Enterobacterales	f__Enterobacteriaceae	g__Citrobacter	s__Desulfohalobium_retbaense	0.9926501093540173	1211	7	0.000701
2161|MG928386.1.1212	d__Bacteria	p__Proteobacteria	c__Gammaproteobacteria	o__Enterobacterales	f__Enterobacteriaceae	g__Citrobacter	s__Desulfotalea_arctica	0.9991997310081688	1212	2	0.000200
1982|KF528827.1.1311	d__Bacteria	p__Proteobacteria	c__Gammaproteobacteria	o__Enterobacterales	f__Enterobacteriaceae	g__Klebsiella	s__Enterobacter_ludwigii	0.9649587989984395	1311	9	0.000901
1945|AB845265.1.1326	d__Bacteria	p__Proteobacteria	c__Gammaproteobacteria	o__Enterobacterales	f__Erwiniaceae	g__Pantoea	s__Enterobacteriaceae_bacterium	0.7753739567471559	1326	2	0.000200
2034|MF155193.1.1273	d__Bacteria	p__Proteobacteria	c__Gammaproteobacteria	o__Enterobacterales	f__Erwiniaceae	g__Pantoea	s__Enterobacteriaceae_bacterium	0.9354359550444139	1273	6	0.000600
967|MH135803.1.1447	d__Bacteria	p__Proteobacteria	c__Gammaproteobacteria	o__Enterobacterales	f__Enterobacteriaceae	g__Enterobacter	s__Enterobacteriaceae_bacterium	0.7096667286928192	1447	14	0.001401
AB845265.1.1326	d__Bacteria	p__Proteobacteria	c__Gammaproteobacteria	o__Enterobacterales	f__Erwiniaceae	g__Pantoea	s__Enterobacteriaceae_bacterium	0.9158410877073314	1326	3	0.000300
MH135802.1.1430	d__Bacteria	p__Proteobacteria	c__Gammaproteobacteria	o__Enterobacterales	f__Enterobacteriaceae	g__Enterobacter	s__Enterobacteriaceae_bacterium	0.9898851199369831	1430	15	0.001501
163|KM257719.1.1550	d__Bacteria	p__Firmicutes	c__Bacilli	o__Lactobacillales	f__Enterococcaceae	g__Enterococcus	s__Enterococcus_faecalis	0.9904716720036368	1550	56186	5.622907
174|KR137540.1.1549	d__Bacteria	p__Firmicutes	c__Bacilli	o__Lactobacillales	f__Enterococcaceae	g__Enterococcus	s__Enterococcus_faecalis	0.8902821583441565	1549	17	0.001701
445|KJ564273.1.1503	d__Bacteria	p__Firmicutes	c__Bacilli	o__Lactobacillales	f__Enterococcaceae	g__Enterococcus	s__Enterococcus_faecalis	0.8043293424241789	1503	2173	0.217467
509|AY971749.1.1495	d__Bacteria	p__Firmicutes	c__Bacilli	o__Lactobacillales	f__Enterococcaceae	g__Enterococcus	s__Enterococcus_faecalis	0.816397847197399	1495	24	0.002402
626|AB761302.1.1480	d__Bacteria	p__Firmicutes	c__Bacilli	o__Lactobacillales	f__Enterococcaceae	g__Enterococcus	s__Enterococcus_faecalis	0.8865234396692198	1480	59	0.005905
660|MH814729.1.1477	d__Bacteria	p__Firmicutes	c__Bacilli	o__Lactobacillales	f__Enterococcaceae	g__Enterococcus	s__Enterococcus_faecalis	0.9467287429576365	1477	5	0.000500
688|AB761304.1.1473	d__Bacteria	p__Firmicutes	c__Bacilli	o__Lactobacillales	f__Enterococcaceae	g__Enterococcus	s__Enterococcus_faecalis	0.888592462850611	1473	1	0.000100
705|MH109012.1.1472	d__Bacteria	p__Firmicutes	c__Bacilli	o__Lactobacillales	f__Enterococcaceae	g__Enterococcus	s__Enterococcus_faecalis	0.9427616441104133	1472	424	0.042433
70|JUOP01000215.81.1657	d__Bacteria	p__Firmicutes	c__Bacilli	o__Lactobacillales	f__Enterococcaceae	g__Enterococcus	s__Enterococcus_faecalis	0.9834894938766611	1577	1151	0.115188
719|KR858548.1.1471	d__Bacteria	p__Firmicutes	c__Bacilli	o__Lactobacillales	f__Enterococcaceae	g__Enterococcus	s__Enterococcus_faecalis	0.9355832242410571	1471	1222	0.122294
749|MH455248.1.1468	d__Bacteria	p__Firmicutes	c__Bacilli	o__Lactobacillales	f__Enterococcaceae	g__Enterococcus	s__Enterococcus_faecalis	0.8465673245618786	1468	346	0.034627
853|KJ395380.1.1457	d__Bacteria	p__Firmicutes	c__Bacilli	o__Lactobacillales	f__Enterococcaceae	g__Enterococcus	s__Enterococcus_faecalis	0.9521794236226597	1457	116	0.011609
EU939388.1.1564	d__Bacteria	p__Firmicutes	c__Bacilli	o__Lactobacillales	f__Enterococcaceae	g__Enterococcus	s__Enterococcus_faecalis	0.7180545714039114	1564	211	0.021116
HQ728325.1.1503	d__Bacteria	p__Firmicutes	c__Bacilli	o__Lactobacillales	f__Enterococcaceae	g__Enterococcus	s__Enterococcus_faecalis	0.8216503009047839	1503	39	0.003903
JF896444.1.1480	d__Bacteria	p__Firmicutes	c__Bacilli	o__Lactobacillales	f__Enterococcaceae	g__Enterococcus	s__Enterococcus_faecalis	0.8062499066092618	1480	66	0.006605
JN173076.1.1493	d__Bacteria	p__Firmicutes	c__Bacilli	o__Lactobacillales	f__Enterococcaceae	g__Enterococcus	s__Enterococcus_faecalis	0.9580992044384782	1493	297	0.029723
JQ446509.1.1535	d__Bacteria	p__Firmicutes	c__Bacilli	o__Lactobacillales	f__Enterococcaceae	g__Enterococcus	s__Enterococcus_faecalis	0.9308123564246604	1535	85	0.008507
JQ745293.1.1511	d__Bacteria	p__Firmicutes	c__Bacilli	o__Lactobacillales	f__Enterococcaceae	g__Enterococcus	s__Enterococcus_faecalis	0.9561978406232939	1511	6	0.000600
KJ459011.1.1551	d__Bacteria	p__Firmicutes	c__Bacilli	o__Lactobacillales	f__Enterococcaceae	g__Enterococcus	s__Enterococcus_faecalis	0.7554085382512221	1551	9	0.000901
KR137544.1.1534	d__Bacteria	p__Firmicutes	c__Bacilli	o__Lactobacillales	f__Enterococcaceae	g__Enterococcus	s__Enterococcus_faecalis	0.8736842517011065	1534	33	0.003303
LNLT01000013.61698.63267	d__Bacteria	p__Firmicutes	c__Bacilli	o__Lactobacillales	f__Enterococcaceae	g__Enterococcus	s__Enterococcus_faecalis	0.9682949305636448	1570	3394	0.339660
MG745380.1.1411	d__Bacteria	p__Firmicutes	c__Bacilli	o__Lactobacillales	f__Enterococcaceae	g__Enterococcus	s__Enterococcus_faecalis	0.7313562578904682	1411	75	0.007506
MH814729.1.1477	d__Bacteria	p__Firmicutes	c__Bacilli	o__Lactobacillales	f__Enterococcaceae	g__Enterococcus	s__Enterococcus_faecalis	0.9392895545969937	1477	73	0.007306
MH509189.1.1266	d__Bacteria	p__Firmicutes	c__Bacilli	o__Lactobacillales	f__Enterococcaceae	g__Enterococcus	s__Enterococcus_italicus	0.940599684575202	1266	6	0.000600
452|KF826026.1.1502	d__Bacteria	p__Firmicutes	c__Bacilli	o__Lactobacillales	f__Enterococcaceae	g__Enterococcus	s__Enterococcus_sp.	0.9932366336619999	1502	2	0.000200
577|MG930068.1.1486	d__Bacteria	p__Firmicutes	c__Bacilli	o__Lactobacillales	f__Enterococcaceae	g__Enterococcus	s__Enterococcus_sp.	0.8624816401591628	1486	9	0.000901
864|MF581508.1.1456	d__Bacteria	p__Firmicutes	c__Bacilli	o__Lactobacillales	f__Enterococcaceae	g__Enterococcus	s__Enterococcus_sp.	0.8271809834732694	1456	12	0.001201
62|JN695898.1.1583	d__Bacteria	p__Proteobacteria	c__Gammaproteobacteria	o__Enterobacterales	f__Erwiniaceae	g__Pantoea	s__Erwinia_sp.	0.9786552003732105	1583	58	0.005804
1206|MH782081.1.1413	d__Bacteria	p__Proteobacteria	c__Gammaproteobacteria	o__Enterobacterales	f__Enterobacteriaceae	g__Enterobacter	s__Escherichia_coli	0.9660681445048436	1413	3	0.000300
2167|KY780355.1.1208	d__Bacteria	p__Proteobacteria	c__Gammaproteobacteria	o__Enterobacterales	f__Enterobacteriaceae	g__Klebsiella	s__Escherichia_coli	0.9999605095599874	1208	36	0.003603
262|AB109770.615.2139	d__Bacteria	p__Firmicutes	c__Clostridia	o__Peptostreptococcales-Tissierellales	f__Peptostreptococcales-Tissierellales	g__Finegoldia	s__Finegoldia_magna	0.9998489086479871	1525	2619	0.262101
45|MH571986.1.1599	d__Bacteria	p__Firmicutes	c__Bacilli	o__Lactobacillales	f__Enterococcaceae	g__Enterococcus	s__human_gut	0.9609263171532325	1599	3631	0.363378
JQ805719.1.1575	d__Bacteria	p__Firmicutes	c__Bacilli	o__Lactobacillales	f__Enterococcaceae	g__Enterococcus	s__human_gut	0.9391496301660407	1575	278	0.027821
KY010347.1.1590	d__Bacteria	p__Firmicutes	c__Bacilli	o__Lactobacillales	f__Enterococcaceae	g__Enterococcus	s__human_gut	0.9061284658375433	1590	113	0.011309
MH571996.1.1596	d__Bacteria	p__Firmicutes	c__Bacilli	o__Lactobacillales	f__Enterococcaceae	g__Enterococcus	s__human_gut	0.9437454309847254	1596	12	0.001201
208|MG720646.1.1539	d__Bacteria	p__Firmicutes	c__Bacilli	o__Lactobacillales	f__Vagococcaceae	g__Vagococcus	s__Kluyvera_georgiana	0.7546285152364594	1539	3	0.000300
248|KF029500.1.1529	d__Bacteria	p__Firmicutes	c__Bacilli	o__Lactobacillales	f__Lactobacillaceae	g__Lactobacillus	s__Lactobacillus_casei	0.8630181423730515	1529	36	0.003603
567|KR107071.1.1487	d__Bacteria	p__Firmicutes	c__Bacilli	o__Lactobacillales	f__Lactobacillaceae	g__Lactobacillus	s__Lactobacillus_casei	0.7348318209099016	1487	6	0.000600
620|KF673518.1.1481	d__Bacteria	p__Firmicutes	c__Bacilli	o__Lactobacillales	f__Lactobacillaceae	g__Lactobacillus	s__Lactobacillus_casei	0.8483709955823232	1481	1	0.000100
KF029501.1.1532	d__Bacteria	p__Firmicutes	c__Bacilli	o__Lactobacillales	f__Lactobacillaceae	g__Lactobacillus	s__Lactobacillus_casei	0.7936568949825974	1532	7	0.000701
KR078255.1.1470	d__Bacteria	p__Firmicutes	c__Bacilli	o__Lactobacillales	f__Lactobacillaceae	g__Lactobacillus	s__Lactobacillus_casei	0.9284158905147045	1470	2	0.000200
KU315405.1.1473	d__Bacteria	p__Firmicutes	c__Bacilli	o__Lactobacillales	f__Lactobacillaceae	g__Lactobacillus	s__Lactobacillus_casei	0.8860521003425919	1473	2	0.000200
AB608051.1.1488	d__Bacteria	p__Firmicutes	c__Bacilli	o__Lactobacillales	f__Lactobacillaceae	g__Lactobacillus	s__Lactobacillus_nasuensis	0.7618993282978704	1488	1	0.000100
MG590101.1.1207	d__Bacteria	p__Firmicutes	c__Bacilli	o__Lactobacillales	f__Lactobacillaceae	g__Lactobacillus	s__Lactobacillus_paracasei	0.8244590172758212	1207	4	0.000400
1436|MH997756.1.1381	d__Bacteria	p__Firmicutes	c__Bacilli	o__Lactobacillales	f__Lactobacillaceae	g__Lactobacillus	s__Lactobacillus_rhamnosus	0.9495939214065413	1381	48	0.004804
27|GU812306.1.1693	d__Bacteria	p__Firmicutes	c__Bacilli	o__Lactobacillales	f__Lactobacillaceae	g__Lactobacillus	s__Lactobacillus_rhamnosus	0.9997566532787955	1693	23	0.002302
388|KY041760.1.1510	d__Bacteria	p__Firmicutes	c__Bacilli	o__Lactobacillales	f__Lactobacillaceae	g__Lactobacillus	s__Lactobacillus_rhamnosus	0.9595389682536005	1510	128	0.012810
88|KP336487.1.1567	d__Bacteria	p__Firmicutes	c__Bacilli	o__Lactobacillales	f__Lactobacillaceae	g__Lactobacillus	s__Lactobacillus_rhamnosus	0.8642709525876072	1567	14	0.001401
961|FR870078.1.1447	d__Bacteria	p__Firmicutes	c__Bacilli	o__Lactobacillales	f__Lactobacillaceae	g__Lactobacillus	s__Lactobacillus_rhamnosus	0.8339098951777072	1447	7	0.000701
257|KM819162.1.1527	d__Bacteria	p__Firmicutes	c__Bacilli	o__Lactobacillales	f__Lactobacillaceae	g__Lactobacillus	s__Lactobacillus_sp.	0.9067789537226741	1527	261	0.026120
541|GQ267944.1.1490	d__Bacteria	p__Firmicutes	c__Bacilli	o__Lactobacillales	f__Lactobacillaceae	g__Lactobacillus	s__Lactobacillus_sp.	0.7868806077150051	1490	13	0.001301
MH197051.1.1200	d__Bacteria	p__Firmicutes	c__Bacilli	o__Lactobacillales	f__Lactobacillaceae	g__Lactobacillus	s__Lactobacillus_sp.	0.813402816413603	1200	14	0.001401
498|MF611821.1.1497	d__Bacteria	p__Firmicutes	c__Bacilli	o__Lactobacillales	f__Lactobacillaceae	g__Lactobacillus	s__Lactobacillus_zeae	0.9579185336554283	1497	1161	0.116189
196|LT700188.1044572.1046114	d__Bacteria	p__Firmicutes	c__Negativicutes	o__Veillonellales-Selenomonadales	f__Veillonellaceae	g__Negativicoccus	s__Negativicoccus_massiliensis	0.9799451011805265	1543	13283	1.329318
1759|KY773602.1.1358	d__Bacteria	p__Proteobacteria	c__Gammaproteobacteria	o__Enterobacterales	f__Erwiniaceae	g__Pantoea	s__Pantoea_dispersa	0.9237613631042106	1358	141	0.014111
MH220244.1.1459	d__Bacteria	p__Proteobacteria	c__Gammaproteobacteria	o__Enterobacterales	f__Erwiniaceae	g__Pantoea	s__Pantoea_dispersa	0.9933591062840523	1459	16	0.001601
2125|KP214598.1.1232	d__Bacteria	p__Proteobacteria	c__Gammaproteobacteria	o__Enterobacterales	f__Erwiniaceae	g__Pantoea	s__Pantoea_septica	0.72594062103418	1232	96	0.009607
2045|DQ267701.1.1266	d__Bacteria	p__Proteobacteria	c__Gammaproteobacteria	o__Enterobacterales	f__Enterobacteriaceae	g__Enterobacter	s__Pantoea_sp.	0.9051671354648176	1266	21	0.002102
824|MG518369.1.1460	d__Bacteria	p__Proteobacteria	c__Gammaproteobacteria	o__Enterobacterales	f__Erwiniaceae	g__Erwinia	s__Pantoea_sp.	0.9786566275554238	1460	11	0.001101
KF814114.1.1519	d__Bacteria	p__Proteobacteria	c__Gammaproteobacteria	o__Enterobacterales	f__Enterobacteriaceae	g__Enterobacter	s__Pantoea_sp.	0.9676523394860131	1519	4	0.000400
MJIH01000001.945367.946901	d__Bacteria	p__Firmicutes	c__Clostridia	o__Peptostreptococcales-Tissierellales	f__Peptostreptococcales-Tissierellales	g__Peptoniphilus	s__Peptoniphilus_grossensis	0.9908901747940667	1535	5371	0.537512
AYNH01000028.46495.47932	d__Bacteria	p__Proteobacteria	c__Gammaproteobacteria	o__Enterobacterales	f__Erwiniaceae	g__Pantoea	s__Plautia_stali	0.7652680893433063	1438	3	0.000300
LZEC01000082.1.1436	d__Bacteria	p__Proteobacteria	c__Gammaproteobacteria	o__Enterobacterales	f__Erwiniaceae	g__Pantoea	s__Plautia_stali	0.7161158783516138	1436	31	0.003102
1774|JF127027.1.1354	d__Bacteria	p__Actinobacteriota	c__Actinobacteria	o__Propionibacteriales	f__Propionibacteriaceae	g__Cutibacterium	s__Pseudopropionibacterium_propionicum	0.8920458624259767	1354	59	0.005905
FJ957836.1.1455	d__Bacteria	p__Actinobacteriota	c__Actinobacteria	o__Propionibacteriales	f__Propionibacteriaceae	g__Cutibacterium	s__Pseudopropionibacterium_propionicum	0.857292217520915	1455	115	0.011509
2126|KX156172.1.1231	d__Bacteria	p__Proteobacteria	c__Gammaproteobacteria	o__Enterobacterales	f__Enterobacteriaceae	g__Enterobacter	s__Raoultella_ornithinolytica	0.8794661548868691	1231	69	0.006905
667|AY960567.1.1475	d__Bacteria	p__Firmicutes	c__Clostridia	o__Lachnospirales	f__Lachnospiraceae	g__Lachnospiraceae_UCG-008	s__Ruminococcus_sp.	0.9997627816071609	1475	46	0.004604
KX301282.1.1243	d__Bacteria	p__Proteobacteria	c__Gammaproteobacteria	o__Enterobacterales	f__Enterobacteriaceae	g__Enterobacter	s__Serratia_marcescens	0.9999931308807699	1243	5	0.000500
1335|MK024278.1.1395	d__Bacteria	p__Firmicutes	c__Bacilli	o__Staphylococcales	f__Staphylococcaceae	g__Staphylococcus	s__Staphylococcus_epidermidis	0.9134241229624952	1395	1	0.000100
1343|MIZO01000018.2676.4069	d__Bacteria	p__Firmicutes	c__Bacilli	o__Staphylococcales	f__Staphylococcaceae	g__Staphylococcus	s__Staphylococcus_epidermidis	0.7265598344500731	1394	11	0.001101
181|CP024437.1889138.1890684	d__Bacteria	p__Firmicutes	c__Bacilli	o__Staphylococcales	f__Staphylococcaceae	g__Staphylococcus	s__Staphylococcus_epidermidis	0.8211918687992386	1547	512	0.051239
2067|MH447004.1.1258	d__Bacteria	p__Firmicutes	c__Bacilli	o__Staphylococcales	f__Staphylococcaceae	g__Staphylococcus	s__Staphylococcus_epidermidis	0.7645627547133731	1258	1	0.000100
4|CHET01000068.50.2021	d__Bacteria	p__Firmicutes	c__Bacilli	o__Staphylococcales	f__Staphylococcaceae	g__Staphylococcus	s__Staphylococcus_epidermidis	0.8023084311082325	1972	981	0.098175
MH997751.1.1366	d__Bacteria	p__Firmicutes	c__Bacilli	o__Staphylococcales	f__Staphylococcaceae	g__Staphylococcus	s__Staphylococcus_epidermidis	0.7629277388530126	1366	1	0.000100
2145|KJ564272.1.1220	d__Bacteria	p__Firmicutes	c__Bacilli	o__Staphylococcales	f__Staphylococcaceae	g__Staphylococcus	s__Staphylococcus_hominis	0.9878146782012639	1220	51	0.005104
2009|MG162646.1.1290	d__Bacteria	p__Firmicutes	c__Bacilli	o__Staphylococcales	f__Staphylococcaceae	g__Staphylococcus	s__Staphylococcus_sp.	0.830100156022763	1290	26	0.002602
2011|MG162629.1.1288	d__Bacteria	p__Firmicutes	c__Bacilli	o__Staphylococcales	f__Staphylococcaceae	g__Staphylococcus	s__Staphylococcus_sp.	0.7637911698025498	1288	12	0.001201
2050|MG162650.1.1265	d__Bacteria	p__Firmicutes	c__Bacilli	o__Staphylococcales	f__Staphylococcaceae	g__Staphylococcus	s__Staphylococcus_sp.	0.9478079946649584	1265	82	0.008206
2142|MG162679.1.1223	d__Bacteria	p__Firmicutes	c__Bacilli	o__Staphylococcales	f__Staphylococcaceae	g__Staphylococcus	s__Staphylococcus_sp.	0.9686990026222508	1223	25	0.002502
2156|MG162651.1.1216	d__Bacteria	p__Firmicutes	c__Bacilli	o__Staphylococcales	f__Staphylococcaceae	g__Staphylococcus	s__Staphylococcus_sp.	0.8757226817817293	1216	21	0.002102
921|KC699192.1.1450	d__Bacteria	p__Firmicutes	c__Bacilli	o__Lactobacillales	f__Streptococcaceae	g__Streptococcus	s__Streptococcus_parauberis	0.7158718762036983	1450	41	0.004103
LQCG01000007.381521.383064	d__Bacteria	p__Firmicutes	c__Bacilli	o__Staphylococcales	f__Staphylococcaceae	g__Staphylococcus	s__Streptomyces_canus	0.9999438242138602	1544	1	0.000100
MOEP01000239.2658.4181	d__Bacteria	p__Firmicutes	c__Bacilli	o__Lactobacillales	f__Enterococcaceae	g__Enterococcus	s__Streptomyces_cinnamoneus	0.9910597580814984	1524	6671	0.667611
1185|GQ138425.1.1416	d__Bacteria	p__Firmicutes	c__Bacilli	o__Lactobacillales	f__Enterococcaceae	g__Enterococcus	s__uncultured_bacterium	0.9032317630509863	1416	418	0.041832
1189|JQ448849.1.1415	d__Bacteria	p__Firmicutes	c__Bacilli	o__Lactobacillales	f__Streptococcaceae	g__Streptococcus	s__uncultured_bacterium	0.9863874256424058	1415	14	0.001401
1265|FJ557792.1.1403	d__Bacteria	p__Bacteroidota	c__Bacteroidia	o__Bacteroidales	f__Prevotellaceae	g__Prevotella	s__uncultured_bacterium	0.9182039307986003	1403	37	0.003703
1305|EU771783.1.1399	d__Bacteria	p__Firmicutes	c__Bacilli	o__Bacillales	f__Planococcaceae	g__Solibacillus	s__uncultured_bacterium	0.8918007129420347	1399	16	0.001601
1307|EU775673.1.1399	d__Bacteria	p__Proteobacteria	c__Gammaproteobacteria	o__Enterobacterales	f__Enterobacteriaceae	g__Escherichia-Shigella	s__uncultured_bacterium	0.8628907913500539	1399	5	0.000500
1410|KF085839.1.1383	d__Bacteria	p__Firmicutes	c__Bacilli	o__Staphylococcales	f__Staphylococcaceae	g__Staphylococcus	s__uncultured_bacterium	0.7971049867582054	1383	1	0.000100
1420|JQ449823.1.1382	d__Bacteria	p__Firmicutes	c__Bacilli	o__Lactobacillales	f__Streptococcaceae	g__Streptococcus	s__uncultured_bacterium	0.9794342908110554	1382	1	0.000100
1424|KF089512.1.1382	d__Bacteria	p__Firmicutes	c__Bacilli	o__Staphylococcales	f__Staphylococcaceae	g__Staphylococcus	s__uncultured_bacterium	0.8464294773366275	1382	6	0.000600
1442|KF084415.1.1380	d__Bacteria	p__Firmicutes	c__Bacilli	o__Staphylococcales	f__Staphylococcaceae	g__Staphylococcus	s__uncultured_bacterium	0.7944177870739738	1380	29	0.002902
1471|JF092715.1.1377	d__Bacteria	p__Firmicutes	c__Bacilli	o__Staphylococcales	f__Staphylococcaceae	g__Staphylococcus	s__uncultured_bacterium	0.7986702776114611	1377	18	0.001801
1480|HM265737.1.1376	d__Bacteria	p__Firmicutes	c__Bacilli	o__Staphylococcales	f__Staphylococcaceae	g__Staphylococcus	s__uncultured_bacterium	0.7996739605162656	1376	26	0.002602
1490|KF079788.1.1376	d__Bacteria	p__Firmicutes	c__Bacilli	o__Staphylococcales	f__Staphylococcaceae	g__Staphylococcus	s__uncultured_bacterium	0.841499511239937	1376	2	0.000200
1491|KF080250.1.1376	d__Bacteria	p__Firmicutes	c__Bacilli	o__Staphylococcales	f__Staphylococcaceae	g__Staphylococcus	s__uncultured_bacterium	0.7162590434489832	1376	17	0.001701
1492|KF085923.1.1376	d__Bacteria	p__Firmicutes	c__Bacilli	o__Staphylococcales	f__Staphylococcaceae	g__Staphylococcus	s__uncultured_bacterium	0.8577163320517281	1376	3	0.000300
1493|KF095027.1.1376	d__Bacteria	p__Firmicutes	c__Bacilli	o__Staphylococcales	f__Staphylococcaceae	g__Staphylococcus	s__uncultured_bacterium	0.8329941172204437	1376	1	0.000100
1502|JF116550.1.1375	d__Bacteria	p__Firmicutes	c__Bacilli	o__Staphylococcales	f__Staphylococcaceae	g__Staphylococcus	s__uncultured_bacterium	0.8357271692125113	1375	9	0.000901
1504|KF066423.1.1375	d__Bacteria	p__Firmicutes	c__Bacilli	o__Staphylococcales	f__Staphylococcaceae	g__Staphylococcus	s__uncultured_bacterium	0.8561011920013496	1375	1	0.000100
1508|KF098417.1.1375	d__Bacteria	p__Firmicutes	c__Bacilli	o__Staphylococcales	f__Staphylococcaceae	g__Staphylococcus	s__uncultured_bacterium	0.7775360417661223	1375	14	0.001401
1523|JF044308.1.1374	d__Bacteria	p__Firmicutes	c__Bacilli	o__Staphylococcales	f__Staphylococcaceae	g__Staphylococcus	s__uncultured_bacterium	0.8835282012457141	1374	11	0.001101
1528|JF123712.1.1374	d__Bacteria	p__Firmicutes	c__Bacilli	o__Staphylococcales	f__Staphylococcaceae	g__Staphylococcus	s__uncultured_bacterium	0.8553846764620304	1374	3	0.000300
1530|JF148804.1.1374	d__Bacteria	p__Firmicutes	c__Bacilli	o__Staphylococcales	f__Staphylococcaceae	g__Staphylococcus	s__uncultured_bacterium	0.8442083297980956	1374	11	0.001101
1534|JF225097.1.1374	d__Bacteria	p__Firmicutes	c__Bacilli	o__Staphylococcales	f__Staphylococcaceae	g__Staphylococcus	s__uncultured_bacterium	0.777075469941057	1374	6	0.000600
1536|KF066836.1.1374	d__Bacteria	p__Firmicutes	c__Bacilli	o__Staphylococcales	f__Staphylococcaceae	g__Staphylococcus	s__uncultured_bacterium	0.9436794436200749	1374	43	0.004303
1540|KF083134.1.1374	d__Bacteria	p__Firmicutes	c__Bacilli	o__Staphylococcales	f__Staphylococcaceae	g__Staphylococcus	s__uncultured_bacterium	0.8341794589418743	1374	3	0.000300
1541|KF083467.1.1374	d__Bacteria	p__Firmicutes	c__Bacilli	o__Staphylococcales	f__Staphylococcaceae	g__Staphylococcus	s__uncultured_bacterium	0.779087896055856	1374	3	0.000300
1542|KF084259.1.1374	d__Bacteria	p__Firmicutes	c__Bacilli	o__Staphylococcales	f__Staphylococcaceae	g__Staphylococcus	s__uncultured_bacterium	0.8580019593448015	1374	1	0.000100
1544|KF099569.1.1374	d__Bacteria	p__Firmicutes	c__Bacilli	o__Staphylococcales	f__Staphylococcaceae	g__Staphylococcus	s__uncultured_bacterium	0.9287139664378242	1374	1	0.000100
1554|HM263834.1.1373	d__Bacteria	p__Firmicutes	c__Bacilli	o__Staphylococcales	f__Staphylococcaceae	g__Staphylococcus	s__uncultured_bacterium	0.8904477438801006	1373	16	0.001601
1558|JF141642.1.1373	d__Bacteria	p__Firmicutes	c__Bacilli	o__Lactobacillales	f__Carnobacteriaceae	g__Granulicatella	s__uncultured_bacterium	0.9877924662349387	1373	31	0.003102
1560|JF167913.1.1373	d__Bacteria	p__Firmicutes	c__Bacilli	o__Staphylococcales	f__Staphylococcaceae	g__Staphylococcus	s__uncultured_bacterium	0.9200171740215927	1373	6	0.000600
1564|JF207442.1.1373	d__Bacteria	p__Firmicutes	c__Bacilli	o__Staphylococcales	f__Staphylococcaceae	g__Staphylococcus	s__uncultured_bacterium	0.9168422825435707	1373	13	0.001301
1566|JF229060.1.1373	d__Bacteria	p__Firmicutes	c__Bacilli	o__Staphylococcales	f__Staphylococcaceae	g__Staphylococcus	s__uncultured_bacterium	0.8429292042552514	1373	13	0.001301
1568|JF230221.1.1373	d__Bacteria	p__Firmicutes	c__Bacilli	o__Staphylococcales	f__Staphylococcaceae	g__Staphylococcus	s__uncultured_bacterium	0.8667202609017577	1373	39	0.003903
1576|KF066375.1.1373	d__Bacteria	p__Firmicutes	c__Bacilli	o__Staphylococcales	f__Staphylococcaceae	g__Staphylococcus	s__uncultured_bacterium	0.7385197084661906	1373	1	0.000100
1578|KF098375.1.1373	d__Bacteria	p__Firmicutes	c__Bacilli	o__Staphylococcales	f__Staphylococcaceae	g__Staphylococcus	s__uncultured_bacterium	0.7415491015662429	1373	1	0.000100
1582|KF106307.1.1373	d__Bacteria	p__Firmicutes	c__Bacilli	o__Staphylococcales	f__Staphylococcaceae	g__Staphylococcus	s__uncultured_bacterium	0.8481721039168871	1373	63	0.006305
1587|HM557758.1.1372	d__Bacteria	p__Proteobacteria	c__Gammaproteobacteria	o__Enterobacterales	f__Erwiniaceae	g__Pantoea	s__uncultured_bacterium	0.8769161887309667	1372	33	0.003303
1607|JF165547.1.1372	d__Bacteria	p__Firmicutes	c__Bacilli	o__Staphylococcales	f__Staphylococcaceae	g__Staphylococcus	s__uncultured_bacterium	0.9711356932052561	1372	7	0.000701
1610|JF234607.1.1372	d__Bacteria	p__Firmicutes	c__Bacilli	o__Staphylococcales	f__Staphylococcaceae	g__Staphylococcus	s__uncultured_bacterium	0.7732338760544905	1372	83	0.008306
1615|KF081053.1.1372	d__Bacteria	p__Firmicutes	c__Bacilli	o__Staphylococcales	f__Staphylococcaceae	g__Staphylococcus	s__uncultured_bacterium	0.9419256130285423	1372	24	0.002402
1616|KF098219.1.1372	d__Bacteria	p__Firmicutes	c__Bacilli	o__Staphylococcales	f__Staphylococcaceae	g__Staphylococcus	s__uncultured_bacterium	0.7841035308629684	1372	1	0.000100
1617|KF100841.1.1372	d__Bacteria	p__Firmicutes	c__Bacilli	o__Staphylococcales	f__Staphylococcaceae	g__Staphylococcus	s__uncultured_bacterium	0.8844257124734598	1372	8	0.000801
1618|KF102017.1.1372	d__Bacteria	p__Firmicutes	c__Bacilli	o__Staphylococcales	f__Staphylococcaceae	g__Staphylococcus	s__uncultured_bacterium	0.9870843420613965	1372	1	0.000100
1623|GQ006310.1.1371	d__Bacteria	p__Firmicutes	c__Bacilli	o__Staphylococcales	f__Staphylococcaceae	g__Staphylococcus	s__uncultured_bacterium	0.857755091708	1371	17	0.001701
1624|HM247875.1.1371	d__Bacteria	p__Firmicutes	c__Bacilli	o__Staphylococcales	f__Staphylococcaceae	g__Staphylococcus	s__uncultured_bacterium	0.9918656311814542	1371	4	0.000400
1631|JF043725.1.1371	d__Bacteria	p__Firmicutes	c__Bacilli	o__Staphylococcales	f__Staphylococcaceae	g__Staphylococcus	s__uncultured_bacterium	0.9650920654491686	1371	24	0.002402
1632|JF063285.1.1371	d__Bacteria	p__Firmicutes	c__Bacilli	o__Staphylococcales	f__Staphylococcaceae	g__Staphylococcus	s__uncultured_bacterium	0.9441312721414119	1371	5	0.000500
1633|JF095359.1.1371	d__Bacteria	p__Firmicutes	c__Bacilli	o__Staphylococcales	f__Staphylococcaceae	g__Staphylococcus	s__uncultured_bacterium	0.9379013595891063	1371	15	0.001501
1644|KF093457.1.1371	d__Bacteria	p__Firmicutes	c__Bacilli	o__Staphylococcales	f__Staphylococcaceae	g__Staphylococcus	s__uncultured_bacterium	0.8707682923340627	1371	15	0.001501
1645|KF098022.1.1371	d__Bacteria	p__Firmicutes	c__Bacilli	o__Staphylococcales	f__Staphylococcaceae	g__Staphylococcus	s__uncultured_bacterium	0.9694826276148119	1371	1	0.000100
1658|JF232360.1.1370	d__Bacteria	p__Firmicutes	c__Bacilli	o__Lactobacillales	f__Streptococcaceae	g__Streptococcus	s__uncultured_bacterium	0.9520250563419239	1370	41	0.004103
1668|HM557048.1.1369	d__Bacteria	p__Proteobacteria	c__Gammaproteobacteria	o__Enterobacterales	f__Erwiniaceae	g__Pantoea	s__uncultured_bacterium	0.7437814124432696	1369	17	0.001701
1669|JF138684.1.1369	d__Bacteria	p__Firmicutes	c__Bacilli	o__Staphylococcales	f__Staphylococcaceae	g__Staphylococcus	s__uncultured_bacterium	0.7670757627297734	1369	1	0.000100
1670|JF150918.1.1369	d__Bacteria	p__Firmicutes	c__Bacilli	o__Lactobacillales	f__Carnobacteriaceae	g__Dolosigranulum	s__uncultured_bacterium	0.9999678495133429	1369	22	0.002202
1686|KF096722.1.1368	d__Bacteria	p__Firmicutes	c__Bacilli	o__Staphylococcales	f__Staphylococcaceae	g__Staphylococcus	s__uncultured_bacterium	0.8983323027196551	1368	35	0.003503
1687|KF104940.1.1368	d__Bacteria	p__Firmicutes	c__Bacilli	o__Staphylococcales	f__Staphylococcaceae	g__Staphylococcus	s__uncultured_bacterium	0.8813900376118153	1368	1	0.000100
1705|JF164965.1.1366	d__Bacteria	p__Firmicutes	c__Bacilli	o__Staphylococcales	f__Staphylococcaceae	g__Staphylococcus	s__uncultured_bacterium	0.8560204421455176	1366	11	0.001101
1721|GQ020498.1.1364	d__Bacteria	p__Firmicutes	c__Bacilli	o__Staphylococcales	f__Staphylococcaceae	g__Staphylococcus	s__uncultured_bacterium	0.7734532591093971	1364	5	0.000500
1723|KF099385.1.1364	d__Bacteria	p__Firmicutes	c__Bacilli	o__Staphylococcales	f__Staphylococcaceae	g__Staphylococcus	s__uncultured_bacterium	0.9186239622608547	1364	6	0.000600
1750|EU776636.1.1359	d__Bacteria	p__Firmicutes	c__Bacilli	o__Lactobacillales	f__Enterococcaceae	g__Enterococcus	s__uncultured_bacterium	0.8943360585165112	1359	59	0.005905
1755|KF075545.1.1359	d__Bacteria	p__Firmicutes	c__Bacilli	o__Staphylococcales	f__Staphylococcaceae	g__Staphylococcus	s__uncultured_bacterium	0.8417291028756533	1359	5	0.000500
1757|GQ004079.1.1358	d__Bacteria	p__Firmicutes	c__Clostridia	o__Peptostreptococcales-Tissierellales	f__Peptostreptococcales-Tissierellales	g__Finegoldia	s__uncultured_bacterium	0.9916257578187325	1358	21	0.002102
1794|KF083733.1.1351	d__Bacteria	p__Firmicutes	c__Clostridia	o__Peptostreptococcales-Tissierellales	f__Peptostreptococcales-Tissierellales	g__Finegoldia	s__uncultured_bacterium	0.9922166486706445	1351	34	0.003403
1796|KF100209.1.1351	d__Bacteria	p__Firmicutes	c__Clostridia	o__Peptostreptococcales-Tissierellales	f__Peptostreptococcales-Tissierellales	g__Finegoldia	s__uncultured_bacterium	0.9396027246725471	1351	2415	0.241685
1799|GQ014587.1.1350	d__Bacteria	p__Firmicutes	c__Clostridia	o__Peptostreptococcales-Tissierellales	f__Peptostreptococcales-Tissierellales	g__Finegoldia	s__uncultured_bacterium	0.9990146674752145	1350	81	0.008106
1804|HM559044.1.1350	d__Bacteria	p__Proteobacteria	c__Gammaproteobacteria	o__Enterobacterales	f__Erwiniaceae	g__Pantoea	s__uncultured_bacterium	0.9606982784403829	1350	1	0.000100
1809|KF064894.1.1350	d__Bacteria	p__Firmicutes	c__Bacilli	o__Lactobacillales	f__Carnobacteriaceae	g__Dolosigranulum	s__uncultured_bacterium	0.990188991931379	1350	17	0.001701
1813|KF100301.1.1350	d__Bacteria	p__Firmicutes	c__Clostridia	o__Peptostreptococcales-Tissierellales	f__Peptostreptococcales-Tissierellales	g__Finegoldia	s__uncultured_bacterium	0.9997391851218831	1350	3884	0.388698
1814|KF100603.1.1350	d__Bacteria	p__Firmicutes	c__Clostridia	o__Peptostreptococcales-Tissierellales	f__Peptostreptococcales-Tissierellales	g__Finegoldia	s__uncultured_bacterium	0.9999636797074213	1350	36	0.003603
1815|KF101976.1.1350	d__Bacteria	p__Bacteroidota	c__Bacteroidia	o__Flavobacteriales	f__Weeksellaceae	g__Bergeyella	s__uncultured_bacterium	0.7748223227837446	1350	3	0.000300
1826|KF065356.1.1349	d__Bacteria	p__Firmicutes	c__Clostridia	o__Peptostreptococcales-Tissierellales	f__Peptostreptococcales-Tissierellales	g__Finegoldia	s__uncultured_bacterium	0.9979190678470424	1349	471	0.047136
1828|KF069757.1.1349	d__Bacteria	p__Actinobacteriota	c__Actinobacteria	o__Propionibacteriales	f__Propionibacteriaceae	g__Cutibacterium	s__uncultured_bacterium	0.8327090285722061	1349	215	0.021516
1830|KF100371.1.1349	d__Bacteria	p__Firmicutes	c__Clostridia	o__Peptostreptococcales-Tissierellales	f__Peptostreptococcales-Tissierellales	g__Peptoniphilus	s__uncultured_bacterium	0.9129403445990952	1349	61	0.006105
1840|JF196713.1.1348	d__Bacteria	p__Firmicutes	c__Clostridia	o__Peptostreptococcales-Tissierellales	f__Peptostreptococcales-Tissierellales	g__Finegoldia	s__uncultured_bacterium	0.9912022549413922	1348	37	0.003703
1846|KF104406.1.1348	d__Bacteria	p__Firmicutes	c__Clostridia	o__Peptostreptococcales-Tissierellales	f__Peptostreptococcales-Tissierellales	g__Peptoniphilus	s__uncultured_bacterium	0.9481830718611819	1348	785	0.078560
1858|KF092724.1.1347	d__Bacteria	p__Firmicutes	c__Clostridia	o__Peptostreptococcales-Tissierellales	f__Peptostreptococcales-Tissierellales	g__Finegoldia	s__uncultured_bacterium	0.992204343591313	1347	37	0.003703
1860|KF100190.1.1347	d__Bacteria	p__Firmicutes	c__Clostridia	o__Peptostreptococcales-Tissierellales	f__Peptostreptococcales-Tissierellales	g__Finegoldia	s__uncultured_bacterium	0.9836308773616367	1347	26	0.002602
1866|JF197361.1.1346	d__Bacteria	p__Firmicutes	c__Clostridia	o__Peptostreptococcales-Tissierellales	f__Peptostreptococcales-Tissierellales	g__Finegoldia	s__uncultured_bacterium	0.9998641508506991	1346	819	0.081963
1873|KF098901.1.1346	d__Bacteria	p__Firmicutes	c__Clostridia	o__Peptostreptococcales-Tissierellales	f__Peptostreptococcales-Tissierellales	g__Peptoniphilus	s__uncultured_bacterium	0.9764433676110331	1346	4	0.000400
1883|KF100214.1.1345	d__Bacteria	p__Firmicutes	c__Clostridia	o__Peptostreptococcales-Tissierellales	f__Peptostreptococcales-Tissierellales	g__Peptoniphilus	s__uncultured_bacterium	0.9861376048996214	1345	34	0.003403
1894|KF099556.1.1344	d__Bacteria	p__Firmicutes	c__Clostridia	o__Peptostreptococcales-Tissierellales	f__Peptostreptococcales-Tissierellales	g__Peptoniphilus	s__uncultured_bacterium	0.9975714294078928	1344	99	0.009908
1898|GQ012436.1.1343	d__Bacteria	p__Firmicutes	c__Clostridia	o__Peptostreptococcales-Tissierellales	f__Peptostreptococcales-Tissierellales	g__Anaerococcus	s__uncultured_bacterium	0.9841369697437077	1343	63	0.006305
1912|KF069309.1.1341	d__Bacteria	p__Firmicutes	c__Bacilli	o__Staphylococcales	f__Staphylococcaceae	g__Staphylococcus	s__uncultured_bacterium	0.917660611424017	1341	27	0.002702
1915|JF092730.1.1340	d__Bacteria	p__Firmicutes	c__Clostridia	o__Peptostreptococcales-Tissierellales	f__Peptostreptococcales-Tissierellales	g__Peptoniphilus	s__uncultured_bacterium	0.943432844376923	1340	59	0.005905
1933|EU459226.1.1333	d__Bacteria	p__Firmicutes	c__Bacilli	o__Lactobacillales	f__Enterococcaceae	g__Enterococcus	s__uncultured_bacterium	0.9723852554593313	1333	17	0.001701
1941|GQ006259.1.1327	d__Bacteria	p__Firmicutes	c__Clostridia	o__Peptostreptococcales-Tissierellales	f__Peptostreptococcales-Tissierellales	g__Peptoniphilus	s__uncultured_bacterium	0.9822607916533816	1327	11	0.001101
1961|JF168303.1.1318	d__Bacteria	p__Firmicutes	c__Clostridia	o__Peptostreptococcales-Tissierellales	f__Peptostreptococcales-Tissierellales	g__Finegoldia	s__uncultured_bacterium	0.9933622504319888	1318	261	0.026120
641|EF653403.1.1479	d__Bacteria	p__Firmicutes	c__Clostridia	o__Peptostreptococcales-Tissierellales	f__Peptostreptococcales-Tissierellales	g__Finegoldia	s__uncultured_bacterium	0.9919707012020682	1479	242	0.024219
672|GQ267964.1.1475	d__Bacteria	p__Firmicutes	c__Bacilli	o__Lactobacillales	f__Streptococcaceae	g__Lactococcus	s__uncultured_bacterium	0.9820607519990873	1475	52	0.005204
EU460411.1.1408	d__Bacteria	p__Firmicutes	c__Bacilli	o__Lactobacillales	f__Streptococcaceae	g__Lactococcus	s__uncultured_bacterium	0.891831493505849	1408	25	0.002502
FJ671632.1.1459	d__Bacteria	p__Firmicutes	c__Bacilli	o__Lactobacillales	f__Enterococcaceae	g__Enterococcus	s__uncultured_bacterium	0.8955271356877501	1459	172	0.017213
GQ006349.1.1348	d__Bacteria	p__Firmicutes	c__Clostridia	o__Peptostreptococcales-Tissierellales	f__Peptostreptococcales-Tissierellales	g__Finegoldia	s__uncultured_bacterium	0.9961500083665249	1348	111	0.011109
GQ014760.1.1344	d__Bacteria	p__Firmicutes	c__Clostridia	o__Peptostreptococcales-Tissierellales	f__Peptostreptococcales-Tissierellales	g__Peptoniphilus	s__uncultured_bacterium	0.9884426187926196	1344	335	0.033526
HM556769.1.1335	d__Bacteria	p__Proteobacteria	c__Gammaproteobacteria	o__Enterobacterales	f__Erwiniaceae	g__Pantoea	s__uncultured_bacterium	0.8094303614248373	1335	4	0.000400
HM556958.1.1393	d__Bacteria	p__Proteobacteria	c__Gammaproteobacteria	o__Enterobacterales	f__Erwiniaceae	g__uncultured	s__uncultured_bacterium	0.9606161498495303	1393	2	0.000200
JF006747.1.1371	d__Bacteria	p__Firmicutes	c__Bacilli	o__Staphylococcales	f__Staphylococcaceae	g__Staphylococcus	s__uncultured_bacterium	0.9428389203142348	1371	1	0.000100
JF040331.1.1374	d__Bacteria	p__Firmicutes	c__Bacilli	o__Staphylococcales	f__Staphylococcaceae	g__Staphylococcus	s__uncultured_bacterium	0.7999334438296639	1374	1	0.000100
JF061164.1.1370	d__Bacteria	p__Firmicutes	c__Bacilli	o__Staphylococcales	f__Staphylococcaceae	g__Staphylococcus	s__uncultured_bacterium	0.9939886043032207	1370	1	0.000100
JF064423.1.1374	d__Bacteria	p__Firmicutes	c__Bacilli	o__Staphylococcales	f__Staphylococcaceae	g__Staphylococcus	s__uncultured_bacterium	0.7263192756791265	1374	9	0.000901
JF077075.1.1372	d__Bacteria	p__Firmicutes	c__Bacilli	o__Staphylococcales	f__Staphylococcaceae	g__Staphylococcus	s__uncultured_bacterium	0.8472390187664115	1372	3	0.000300
JF120149.1.1348	d__Bacteria	p__Firmicutes	c__Clostridia	o__Peptostreptococcales-Tissierellales	f__Peptostreptococcales-Tissierellales	g__Finegoldia	s__uncultured_bacterium	0.999594802210763	1348	141	0.014111
JF146366.1.1361	d__Bacteria	p__Actinobacteriota	c__Actinobacteria	o__Actinomycetales	f__Actinomycetaceae	g__Varibaculum	s__uncultured_bacterium	0.8330499320711952	1361	11	0.001101
JF149708.1.1377	d__Bacteria	p__Firmicutes	c__Bacilli	o__Staphylococcales	f__Staphylococcaceae	g__Staphylococcus	s__uncultured_bacterium	0.7582751119917167	1377	1	0.000100
JF164620.1.1337	d__Bacteria	p__Firmicutes	c__Bacilli	o__Staphylococcales	f__Staphylococcaceae	g__Staphylococcus	s__uncultured_bacterium	0.8636521005918506	1337	4	0.000400
JF177026.1.1335	d__Bacteria	p__Firmicutes	c__Clostridia	o__Peptostreptococcales-Tissierellales	f__Peptostreptococcales-Tissierellales	g__Peptoniphilus	s__uncultured_bacterium	0.9797841946535301	1335	89	0.008907
JF192639.1.1371	d__Bacteria	p__Firmicutes	c__Bacilli	o__Staphylococcales	f__Staphylococcaceae	g__Staphylococcus	s__uncultured_bacterium	0.9849169027537007	1371	21	0.002102
JF196642.1.1374	d__Bacteria	p__Firmicutes	c__Bacilli	o__Staphylococcales	f__Staphylococcaceae	g__Staphylococcus	s__uncultured_bacterium	0.8685453733367378	1374	2	0.000200
JF207865.1.1371	d__Bacteria	p__Firmicutes	c__Bacilli	o__Staphylococcales	f__Staphylococcaceae	g__Staphylococcus	s__uncultured_bacterium	0.9767509030139161	1371	8	0.000801
JF217075.1.1350	d__Bacteria	p__Firmicutes	c__Clostridia	o__Peptostreptococcales-Tissierellales	f__Peptostreptococcales-Tissierellales	g__Finegoldia	s__uncultured_bacterium	0.9999453982694989	1350	146	0.014611
JF217241.1.1351	d__Bacteria	p__Firmicutes	c__Clostridia	o__Peptostreptococcales-Tissierellales	f__Peptostreptococcales-Tissierellales	g__Finegoldia	s__uncultured_bacterium	0.9999730557247531	1351	93	0.009307
JF232712.1.1374	d__Bacteria	p__Firmicutes	c__Bacilli	o__Staphylococcales	f__Staphylococcaceae	g__Staphylococcus	s__uncultured_bacterium	0.9150868482510489	1374	1	0.000100
JF241383.1.1368	d__Bacteria	p__Firmicutes	c__Bacilli	o__Lactobacillales	f__Streptococcaceae	g__Streptococcus	s__uncultured_bacterium	0.9838591023074756	1368	361	0.036128
KC990808.1.1347	d__Bacteria	p__Proteobacteria	c__Gammaproteobacteria	o__Pseudomonadales	f__Moraxellaceae	g__Acinetobacter	s__uncultured_bacterium	0.8825042881700746	1347	7	0.000701
KF064444.1.1373	d__Bacteria	p__Firmicutes	c__Bacilli	o__Staphylococcales	f__Staphylococcaceae	g__Staphylococcus	s__uncultured_bacterium	0.7956717596748358	1373	1	0.000100
KF068212.1.1381	d__Bacteria	p__Firmicutes	c__Bacilli	o__Staphylococcales	f__Staphylococcaceae	g__Staphylococcus	s__uncultured_bacterium	0.7477256716907043	1381	4	0.000400
KF071446.1.1378	d__Bacteria	p__Firmicutes	c__Bacilli	o__Staphylococcales	f__Staphylococcaceae	g__Staphylococcus	s__uncultured_bacterium	0.7691664293347119	1378	1	0.000100
KF077849.1.1377	d__Bacteria	p__Firmicutes	c__Bacilli	o__Staphylococcales	f__Staphylococcaceae	g__Staphylococcus	s__uncultured_bacterium	0.8559515713175165	1377	7	0.000701
KF091385.1.1373	d__Bacteria	p__Firmicutes	c__Bacilli	o__Staphylococcales	f__Staphylococcaceae	g__Staphylococcus	s__uncultured_bacterium	0.8696871982943084	1373	2	0.000200
KF095044.1.1384	d__Bacteria	p__Firmicutes	c__Bacilli	o__Staphylococcales	f__Staphylococcaceae	g__Staphylococcus	s__uncultured_bacterium	0.9292873570579552	1384	9	0.000901
KF098296.1.1327	d__Bacteria	p__Firmicutes	c__Clostridia	o__Peptostreptococcales-Tissierellales	f__Peptostreptococcales-Tissierellales	g__Anaerococcus	s__uncultured_bacterium	0.7922716735367364	1327	187	0.018714
KF098420.1.1378	d__Bacteria	p__Firmicutes	c__Bacilli	o__Staphylococcales	f__Staphylococcaceae	g__Staphylococcus	s__uncultured_bacterium	0.7118379600065025	1378	1	0.000100
KF099470.1.1344	d__Bacteria	p__Firmicutes	c__Clostridia	o__Peptostreptococcales-Tissierellales	f__Peptostreptococcales-Tissierellales	g__Peptoniphilus	s__uncultured_bacterium	0.9943370785278047	1344	1	0.000100
KF099569.1.1374	d__Bacteria	p__Firmicutes	c__Bacilli	o__Staphylococcales	f__Staphylococcaceae	g__Staphylococcus	s__uncultured_bacterium	0.918905164634978	1374	2	0.000200
KF100412.1.1374	d__Bacteria	p__Firmicutes	c__Bacilli	o__Staphylococcales	f__Staphylococcaceae	g__Staphylococcus	s__uncultured_bacterium	0.8884658219170496	1374	5	0.000500
KF100531.1.1374	d__Bacteria	p__Firmicutes	c__Bacilli	o__Staphylococcales	f__Staphylococcaceae	g__Staphylococcus	s__uncultured_bacterium	0.9663453290108782	1374	11	0.001101
KF100902.1.1360	d__Bacteria	p__Firmicutes	c__Bacilli	o__Staphylococcales	f__Staphylococcaceae	g__Staphylococcus	s__uncultured_bacterium	0.9580886780936618	1360	2	0.000200
KF101614.1.1381	d__Bacteria	p__Firmicutes	c__Negativicutes	o__Veillonellales-Selenomonadales	f__Veillonellaceae	g__Veillonella	s__uncultured_bacterium	0.8860549375855985	1381	859	0.085966
KF106918.1.1343	d__Bacteria	p__Firmicutes	c__Bacilli	o__Staphylococcales	f__Staphylococcaceae	g__Staphylococcus	s__uncultured_bacterium	0.7035547564428347	1343	23	0.002302
KF842984.1.1418	d__Bacteria	p__Proteobacteria	c__Gammaproteobacteria	o__Enterobacterales	f__Enterobacteriaceae	g__Escherichia-Shigella	s__uncultured_bacterium	0.79351359280118	1418	4	0.000400
KF975525.1.1500	d__Bacteria	p__Proteobacteria	c__Gammaproteobacteria	o__Enterobacterales	f__Enterobacteriaceae	g__Cedecea	s__uncultured_bacterium	0.9232846101564031	1500	3	0.000300
792|HQ753753.1.1463	d__Bacteria	p__Firmicutes	c__Bacilli	o__Staphylococcales	f__Staphylococcaceae	g__Staphylococcus	s__uncultured_organism	0.9588405944704919	1463	16	0.001601
871|HQ767445.1.1455	d__Bacteria	p__Firmicutes	c__Bacilli	o__Staphylococcales	f__Staphylococcaceae	g__Staphylococcus	s__uncultured_organism	0.7439639516350934	1455	7	0.000701
2158|KP409622.1.1215	d__Bacteria	p__Proteobacteria	c__Gammaproteobacteria	o__Enterobacterales	f__Erwiniaceae	g__Pantoea	s__uncultured_prokaryote	0.9818442815221514	1215	7	0.000701
464|HQ728217.1.1500	d__Bacteria	p__Spirochaetota	c__Spirochaetia	o__Spirochaetales	f__Spirochaetaceae	g__Sphaerochaeta	s__uncultured_spirochete	0.9310237504610287	1500	1635	0.163625
344|FJ957564.1.1515	d__Bacteria	p__Firmicutes	c__Bacilli	o__Staphylococcales	f__Staphylococcaceae	g__Staphylococcus	s__uncultured_Staphylococcus	0.8786939365721205	1515	44	0.004403
345|FJ957756.1.1515	d__Bacteria	p__Firmicutes	c__Bacilli	o__Staphylococcales	f__Staphylococcaceae	g__Staphylococcus	s__uncultured_Staphylococcus	0.8407041104031392	1515	3	0.000300
361|FJ957556.1.1513	d__Bacteria	p__Firmicutes	c__Bacilli	o__Staphylococcales	f__Staphylococcaceae	g__Staphylococcus	s__uncultured_Staphylococcus	0.9853939604544952	1513	1	0.000100
671|FJ957497.1.1475	d__Bacteria	p__Firmicutes	c__Bacilli	o__Staphylococcales	f__Staphylococcaceae	g__Staphylococcus	s__uncultured_Staphylococcus	0.9623782031617177	1475	28	0.002802
630|FJ169869.1.1480	d__Bacteria	p__Actinobacteriota	c__Actinobacteria	o__Actinomycetales	f__Actinomycetaceae	g__Varibaculum	s__Varibaculum_cambriense	0.9982498579118222	1480	11157	1.116555
1120|MK088246.1.1426	d__Bacteria	p__Firmicutes	c__Negativicutes	o__Veillonellales-Selenomonadales	f__Veillonellaceae	g__Veillonella	s__Veillonella_magna	0.9521700156572688	1426	813	0.081362
1106|JQ460220.1.1427	d__Bacteria	p__Firmicutes	c__Negativicutes	o__Veillonellales-Selenomonadales	f__Veillonellaceae	g__Veillonella	s__Veillonella_ratti	0.9648316272567322	1427	1559	0.156020
1186|JQ460133.1.1416	d__Bacteria	p__Firmicutes	c__Negativicutes	o__Veillonellales-Selenomonadales	f__Veillonellaceae	g__Veillonella	s__Veillonella_ratti	0.8531005296062855	1416	27	0.002702
1250|JQ457842.1.1406	d__Bacteria	p__Firmicutes	c__Negativicutes	o__Veillonellales-Selenomonadales	f__Veillonellaceae	g__Veillonella	s__Veillonella_ratti	0.9462133251896332	1406	2836	0.283817
1425|KF101754.1.1382	d__Bacteria	p__Firmicutes	c__Negativicutes	o__Veillonellales-Selenomonadales	f__Veillonellaceae	g__Veillonella	s__Veillonella_ratti	0.9034586460202976	1382	2565	0.256697
1772|HK557259.1.1354	d__Bacteria	p__Firmicutes	c__Negativicutes	o__Veillonellales-Selenomonadales	f__Veillonellaceae	g__Veillonella	s__Veillonella_ratti	0.9154808399930975	1354	3574	0.357674
323|KY609412.1.1518	d__Bacteria	p__Firmicutes	c__Negativicutes	o__Veillonellales-Selenomonadales	f__Veillonellaceae	g__Veillonella	s__Veillonella_ratti	0.9849370031337853	1518	2451	0.245288
560|GQ338717.1.1488	d__Bacteria	p__Firmicutes	c__Negativicutes	o__Veillonellales-Selenomonadales	f__Veillonellaceae	g__Veillonella	s__Veillonella_ratti	0.9488031224909197	1488	356	0.035627
633|HQ780990.1.1480	d__Bacteria	p__Firmicutes	c__Negativicutes	o__Veillonellales-Selenomonadales	f__Veillonellaceae	g__Veillonella	s__Veillonella_ratti	0.9379653615234205	1480	114	0.011409
740|MF148204.1.1469	d__Bacteria	p__Firmicutes	c__Negativicutes	o__Veillonellales-Selenomonadales	f__Veillonellaceae	g__Veillonella	s__Veillonella_ratti	0.9938189443844273	1469	939	0.093972
76|AY923122.1.1573	d__Bacteria	p__Firmicutes	c__Negativicutes	o__Veillonellales-Selenomonadales	f__Veillonellaceae	g__Veillonella	s__Veillonella_ratti	0.9940681560248992	1573	654335	65.483660
891|JQ465200.1.1453	d__Bacteria	p__Firmicutes	c__Negativicutes	o__Veillonellales-Selenomonadales	f__Veillonellaceae	g__Veillonella	s__Veillonella_ratti	0.9242323417325031	1453	1773	0.177436
911|KF842197.1.1451	d__Bacteria	p__Firmicutes	c__Negativicutes	o__Veillonellales-Selenomonadales	f__Veillonellaceae	g__Veillonella	s__Veillonella_ratti	0.9819926589845157	1451	1212	0.121293
919|JQ462121.1.1450	d__Bacteria	p__Firmicutes	c__Negativicutes	o__Veillonellales-Selenomonadales	f__Veillonellaceae	g__Veillonella	s__Veillonella_ratti	0.8181546996950887	1450	187	0.018714
940|JQ466098.1.1449	d__Bacteria	p__Firmicutes	c__Negativicutes	o__Veillonellales-Selenomonadales	f__Veillonellaceae	g__Veillonella	s__Veillonella_ratti	0.7535576309548548	1449	410	0.041031
GQ338720.1.1529	d__Bacteria	p__Firmicutes	c__Negativicutes	o__Veillonellales-Selenomonadales	f__Veillonellaceae	g__Veillonella	s__Veillonella_ratti	0.949498997361773	1529	1111	0.111185
HQ807545.1.1449	d__Bacteria	p__Firmicutes	c__Negativicutes	o__Veillonellales-Selenomonadales	f__Veillonellaceae	g__Veillonella	s__Veillonella_ratti	0.8804992636516293	1449	14211	1.422189
JQ460096.1.1411	d__Bacteria	p__Firmicutes	c__Negativicutes	o__Veillonellales-Selenomonadales	f__Veillonellaceae	g__Veillonella	s__Veillonella_ratti	0.9474560558994448	1411	231	0.023118
JQ468513.1.1420	d__Bacteria	p__Firmicutes	c__Negativicutes	o__Veillonellales-Selenomonadales	f__Veillonellaceae	g__Veillonella	s__Veillonella_ratti	0.9242113265700925	1420	18	0.001801
KF086965.1.1340	d__Bacteria	p__Firmicutes	c__Negativicutes	o__Veillonellales-Selenomonadales	f__Veillonellaceae	g__Veillonella	s__Veillonella_ratti	0.7358277099257016	1340	891	0.089168
KF089238.1.1382	d__Bacteria	p__Firmicutes	c__Negativicutes	o__Veillonellales-Selenomonadales	f__Veillonellaceae	g__Veillonella	s__Veillonella_ratti	0.8529150457116274	1382	1111	0.111185
1236|JQ453398.1.1408	d__Bacteria	p__Firmicutes	c__Negativicutes	o__Veillonellales-Selenomonadales	f__Veillonellaceae	g__Veillonella	s__Veillonella_seminalis	0.8190327748553824	1408	1147	0.114788
983|JQ453297.1.1445	d__Bacteria	p__Firmicutes	c__Negativicutes	o__Veillonellales-Selenomonadales	f__Veillonellaceae	g__Veillonella	s__Veillonella_seminalis	0.7044433936966841	1445	1173	0.117390
JQ460060.1.1314	d__Bacteria	p__Firmicutes	c__Negativicutes	o__Veillonellales-Selenomonadales	f__Veillonellaceae	g__Veillonella	s__Veillonella_seminalis	0.7678617324347592	1314	275	0.027521
JQ460169.1.1428	d__Bacteria	p__Firmicutes	c__Negativicutes	o__Veillonellales-Selenomonadales	f__Veillonellaceae	g__Veillonella	s__Veillonella_seminalis	0.8532527843019613	1428	1516	0.151716
JQ460245.1.1411	d__Bacteria	p__Firmicutes	c__Negativicutes	o__Veillonellales-Selenomonadales	f__Veillonellaceae	g__Veillonella	s__Veillonella_seminalis	0.7462864339422374	1411	751	0.075158
